Link_Header_Project_Name,State,Link_Header_project_Url,Scout id,Address,Timestamp,Data.Objektart,Data.Vermietbare Fläche ca.,Data.Wohnfläche ca.,Data.Sonstige Fläche ca.,Data.Gesamtfläche ca.,Data.Grundstücksfläche,Data.Etage(n),Data.Kaufpreis ab,Data.x-fache Miete,Data.Mieteinnahmen p.a. (Soll),Data.Provision für Käufer,Data.Baujahr,Data.Objektzustand,Data.Letzte Modernisierung/ Sanierung,Data.Heizungsart,Data.Energieausweis,Data.Anzahl der Parkflächen,Data.Wesentliche Energieträger,Data.Energie­ausweistyp,Data.Endenergiebedarf,Data.Energie­effizienz­klasse,Data.Qualität der Ausstattung,Data.Kaufpreis pro m²,Data.End­energie­verbrauch,Data.Fußweg zu öffentl. Verkehrsmitteln,Data.Fahrzeit nächster Hauptbahnhof,Data.Fahrzeit nächste Autobahn,Data.Fahrzeit nächster Flughafen,Data.End­energie­ver­brauch Strom,Data.End­energie­ver­brauch Wärme,Data.Gewerbefläche ca.,Data.Preis pro Parkfläche,Data.Mieteinnahmen p.a. (Ist),Data.Betriebskosten umgelegt,Data.Nicht umgelegte Kosten,Data.Denkmalschutzobjekt,Data.Energie­ver­brauchs­kennwert,Data.Strom­ver­brauchs­kenn­wert,Data.Heiz­energie­ver­brauchs­kenn­wert
Kernsaniertes MFH im Herzen von Mannheim,Baden-Württemberg,,"Objekt-Nr.: 136-00207 |
        
        Scout-ID: 128567386","68159 Mannheim, Innenstadt/Jungbusch",2021-09-02 11:09:07.504423,Mehrfamilienhaus,703  m²,703  m²,227  m²,930  m²,200  m²,5,3.500.000 €,"21,3",164.000  €,"3,57 % inkl. ges. MwSt.",1900,Vollständig renoviert,2021,Zentralheizung,laut Gesetz nicht erforderlich,,,,,,,,,,,,,,,,,,,,,,,
"NEUGroße Maisonette-Wohnung mit Küche, Balkon + Stellplatz",Baden-Württemberg,,"Objekt-Nr.: 134-00115 |
        
        Scout-ID: 129245166","72477 Schwenningen, Sigmaringen (Kreis)",2021-09-02 11:09:42.070686,Eigentumswohnung,"130,41  m²","130,41  m²",,"130,41  m²",,,199.000 €,,,"3,57 % inkl. ges. MwSt.",1968,Modernisiert,,Zentralheizung,liegt vor,1,Öl,Bedarfsausweis,"148,8 kWh/(m²*a)",E,,,,,,,,,,,,,,,,,,
MA - SECKENHEIM I Mietfreies 3 FH + kleines Hofgebäude I renovierungsbedürftig,Baden-Württemberg,,"Objekt-Nr.: 2021-229 |
        
        Scout-ID: 128418829","68239 Mannheim / Seckenheim, Mannheim",2021-09-02 11:10:12.438125,Mehrfamilienhaus,265  m²,230  m²,50  m²,280  m²,241  m²,4,665.000 €,,,"4,76 % inklusive der gesetzlichen MwSt.",1926,Renovierungsbedürftig,,Zentralheizung,liegt vor,,Gas,Verbrauchsausweis,,D,Normal,2.375  €,106 kWh/(m²*a),5 Min.,15 Min.,5 Min.,40 Min.,,,,,,,,,,,
NEUIdeal für Singles oder kleine Familien!,Baden-Württemberg,,"Objekt-Nr.: 2021-0061 |
        
        Scout-ID: 129318372","74336 Brackenheim, Heilbronn (Kreis)",2021-09-02 11:10:48.010096,Eigentumswohnung,65  m²,65  m²,,65  m²,,3,200.000 €,,,"4,76 % inkl. ges. MwSt.",1837,,2002,Zentralheizung,liegt vor,2,Öl,Bedarfsausweis,204 kWh/(m²*a),G,,,,,,,,,,,,,,,,,,
Saniertes Bürogebäude mit starker Rendite 4%,Baden-Württemberg,,"Objekt-Nr.: 7333 |
        
        Scout-ID: 129100794","89077 Ulm, Weststadt",2021-09-02 11:11:23.997227,Bürogebäude,622  m²,,,791  m²,791  m²,UG + EG + OG + DG,2.100.000 €,25,84.000  €,"3,57% des Kaufpreises",1904,,2005,Zentralheizung,liegt vor,16,Fernwärme,Verbrauchsausweis,,,,,,,,,,1 kWh/(m²*a),"48,4 kWh/(m²*a)",,,,,,,,,
Zentral gelegenes Wohn- und Geschäftshaus • lohnende Geldanlage,Baden-Württemberg,,"Objekt-Nr.: 2083a |
        
        Scout-ID: 128906126","88367 Hohentengen, Sigmaringen (Kreis)",2021-09-02 11:11:57.242129,Wohn-/ Geschäftshaus,700  m²,370  m²,,,707  m²,,645.000 €,,,"3,57 %",2018,Modernisiert,,,liegt vor,,Nahwärme,Verbrauchsausweis,,F,,,"190,53 kWh/(m²*a)",,10 Min.,,10 Min.,,,330  m²,,,,,,,,
Beste Lage wartet auf Kapitalanleger!,Baden-Württemberg,,"Objekt-Nr.: MTH1425 |
        
        Scout-ID: 118535427","68199 Mannheim, Neckarau",2021-09-02 11:12:30.474803,Eigentumswohnung,112  m²,108  m²,,112  m²,0  m²,1,374.000 €,,,"4,76% des Kaufpreises inkl. MwSt.",1992,Gepflegt,,Fernwärme,liegt vor,1,Fernwärme-Dampf,Verbrauchsausweis,,,Normal,,"119,5 kWh/(m²*a)",,,,,,,,0  €,,,,,,,
Wohnen oder Gewerbe? Dieses Haus begeistert Sie doppelt!,Baden-Württemberg,,"Objekt-Nr.: 0011 |
        
        Scout-ID: 127653609","70563 Stuttgart Vaihingen, Vaihingen-Mitte",2021-09-02 11:13:05.196391,Wohn-/ Geschäftshaus,"425,45  m²",204  m²,,,264  m²,2,1.690.000 €,,,4 % zzgl. gesetzlicher Mwst.,1948,Modernisiert,2014,,liegt zur Besichtigung vor,,,,,,Luxus,,,,,,,,,"221,45  m²",,,,,,,,
"+++ Neuwertiges, modernes Mehrfamilienhaus in Bestlage zu Verkaufen! +++",Baden-Württemberg,,Scout-ID: 128255446,"70563 Stuttgart, Heerstraße",2021-09-02 11:13:38.711481,Mehrfamilienhaus,350  m²,350  m²,,,605  m²,4,2.099.000 €,,,"4,76% inkl. MwSt.",2021,Neuwertig,2021,Zentralheizung,liegt vor,5,Gas,Bedarfsausweis,"91,3 kWh/(m²*a)",C,Gehoben,"5.997,40  €",,2 Min.,10 Min.,5 Min.,15 Min.,,,,0  €,72.000  €,,,,,,
Top-Lage: Vermietete Gewerbefläche im Stadtzentrum,Baden-Württemberg,,"Objekt-Nr.: 124544-3 |
        
        Scout-ID: 128776161","76661 Philippsburg, Karlsruhe (Kreis)",2021-09-02 11:14:22.403533,Geschäftshaus,149  m²,,,148  m²,,,229.000 €,,,"3,57 %",1985,Gepflegt,,,liegt vor,,Gas,Verbrauchsausweis,,,,"797,91  €",,,,,,"26,1 kWh/(m²*a)","163,6 kWh/(m²*a)",,,,,,,,,
Natur pur - einzigartige Randlage an der Eschach,Baden-Württemberg,,"Objekt-Nr.: 118-00450 |
        
        Scout-ID: 128984668","78628 Rottweil, Rottweil (Kreis)",2021-09-02 11:15:19.913042,Einfamilienhaus,154  m²,154  m²,,154  m²,6.991  m²,,595.000 €,,,"3,57 % inkl. ges. MwSt.",1973,Gepflegt,,Zentralheizung,liegt vor,6,Öl,Bedarfsausweis,"310,1 kWh/(m²*a)",H,Normal,,,,,,,,,,,,,,,,,
"""Vermietetes 3-Familienhaus zur Kapitalanlage""",Baden-Württemberg,,"Objekt-Nr.: 0-20206 |
        
        Scout-ID: 128429777","73054 Eislingen/Fils, Göppingen (Kreis)",2021-09-02 11:15:51.881984,Mehrfamilienhaus,173  m²,173  m²,,,200  m²,,399.000 €,,0  €,"4,76 % inkl. MwSt",1899,,,Etagenheizung,liegt vor,,Gas,Bedarfsausweis,"217,8 kWh/(m²*a)",,,0  €,,,,,,,,,,14.520  €,0  €,0  €,,,,
Zentral gelegenes Wohn-/Geschäftshaus - PRIVATES BIETERVERFAHREN,Baden-Württemberg,,"Objekt-Nr.: 204041 |
        
        Scout-ID: 128834725","89077 Ulm-Söflingen, Ulm",2021-09-02 11:16:33.480967,Wohn-/ Geschäftshaus,520  m²,264  m²,,520  m²,348  m²,3,975.000 €,23,42.480  €,Nein,1961,Gepflegt,2012,Zentralheizung,liegt zur Besichtigung vor,,Öl,,,,,"2.487,24  €",,,,,,,,128  m²,,24.000  €,740  €,0  €,,,,
3 Wasserkraftanlagen zu verkaufen,Baden-Württemberg,,"Objekt-Nr.: 206749 |
        
        Scout-ID: 129085227","76275 Ettlingen, Karlsruhe (Kreis)",2021-09-02 11:17:10.393525,Industrieanwesen,0  m²,0  m²,,1.000  m²,,1,2.600.000 €,0,660.000  €,Nein,2020,Modernisiert,2020,,laut Gesetz nicht erforderlich,,,,,,,0  €,,,,,,,,0  m²,,660.000  €,0  €,0  €,,,,
NEUModernisiertes und vermietetes 3-Familienhaus mit großzügigem Grundstück in Riedlingen-Eichenau,Baden-Württemberg,,"Objekt-Nr.: PA7478 |
        
        Scout-ID: 129309348","88499 Riedlingen, Biberach (Kreis)",2021-09-02 11:17:46.053027,Mehrfamilienhaus,250  m²,250  m²,,,,2,590.000 €,,,"3,57 % inkl. ges. MwSt.",1970,Modernisiert,2020,Zentralheizung,liegt vor,,Öl,Bedarfsausweis,"120,4 kWh/(m²*a)",,Normal,,,,,,,,,,,,,,,,,
++ Für Eigennutzer oder Kapitalanleger ++ Büro - Kanzlei - Praxis - Wohnen und Arbeiten unter einem,Baden-Württemberg,,"Objekt-Nr.: 131 |
        
        Scout-ID: 127828245","74821 Mosbach, Neckar-Odenwald-Kreis",2021-09-02 11:18:22.581514,Wohn-/ Geschäftshaus,252  m²,,,,550  m²,,297.000 €,,,"3,57 % inkl.19% MwSt.",,Gepflegt,,,liegt vor,,Gas,Bedarfsausweis,"148,6 kWh/(m²*a)",E,Normal,,,,,,,,,,,,,,,,,
"Neubauvorhaben ""Alter Ziegelplatz"" in Tiengen",Baden-Württemberg,,"Objekt-Nr.: WT-2760-A04 |
        
        Scout-ID: 129119979","79761 Waldshut-Tiengen, Waldshut (Kreis)",2021-09-02 11:18:55.613827,Eigentumswohnung,"83,24  m²","83,24  m²",,"83,24  m²",,5,364.500 €,,,Nein,2023,,,,laut Gesetz nicht erforderlich,1,,,,,,"4.162,66  €",,,,,,,,,,,,,,,,
"14-Familien Wohnhaus in ruhiger, grüner Wohnlage in Villingen zu verkaufen!",Baden-Württemberg,,"Objekt-Nr.: 126197030#z7h8rW |
        
        Scout-ID: 128940590","78048 Villingen - Schwenningen, Villingen",2021-09-02 11:19:30.752950,Mehrfamilienhaus,720  m²,720  m²,,,1.633  m²,3.0,1.600.000 €,,,Nein,1958,Renovierungsbedürftig,,Gas-Heizung,laut Gesetz nicht erforderlich,,,,,,,,,1 Min.,,10 Min.,,,,,,,,,,,,
NEU+++ Großzügiges Familienglück mit schönem Garten+++,Baden-Württemberg,,"Objekt-Nr.: SBE/MS-DHH-A-SVN-S97 |
        
        Scout-ID: 124513570","70563 Stuttgart / Vaihingen, Heerstraße",2021-09-02 11:20:06.981040,Mehrfamilienhaus,188  m²,159  m²,,,335  m²,3.00,895.000 €,,,"4,76 % inkl. MwSt.",1965,Renovierungsbedürftig,,Zentralheizung,liegt vor,2,Öl,Bedarfsausweis,"275,21 kWh/(m²*a)",H,Normal,,,,,,,,,,,,,,,,,
NEUKapitalanlage in schöner Randlage...,Baden-Württemberg,,"Objekt-Nr.: 31630 |
        
        Scout-ID: 129205229","74523 Schwäbisch Hall, Schwäbisch Hall (Kreis)",2021-09-02 11:20:36.759432,Eigentumswohnung,"85,42  m²","85,42  m²",,"85,42  m²",,,238.000 €,,,"3,57 % inkl. ges. MwSt.",1992,,,Zentralheizung,liegt vor,1,Fernwärme,Verbrauchsausweis,,D,,,"121,48 kWh/(m²*a)",,,,,,,,,,,,,,,
Grundbuch statt Sparbuch! Mehrfamilienhaus in Uni Nähe S-Birkach,Baden-Württemberg,,"Objekt-Nr.: HK10430.1 |
        
        Scout-ID: 128899449","70599 Stuttgart, Birkach-Nord",2021-09-02 11:21:13.015301,Mehrfamilienhaus,140  m²,140  m²,,,236  m²,,798.000 €,,,"6,00% v. Brutto-VKP (mind. 6000 EUR) inkl. MwSt.",1960,,,,,2,,,,,,,,,,,,,,,,,,,,,,
Vollständig modernisiert und Top-Rendite: Gut vermietete Gewerbeeinheit in Mannheim-Schönau,Baden-Württemberg,,"Objekt-Nr.: 116590-1 |
        
        Scout-ID: 128777741","68307 Mannheim / Schönau, Mannheim",2021-09-02 11:21:46.085999,Wohn-/ Geschäftshaus,40  m²,,,40  m²,3.183  m²,,199.000 €,,,"4,64 % inkl. ges. USt.",1988,,,,,,,,,,,4.975  €,,,,,,,,,,10.800  €,,,,,,
Wohnung sucht Kapitalanleger!!!,Baden-Württemberg,,"Objekt-Nr.: 219028 |
        
        Scout-ID: 128547153","71034 Böblingen, Böblingen (Kreis)",2021-09-02 11:22:28.684462,Eigentumswohnung,41  m²,41  m²,,41  m²,,,158.000 €,,,"2,975 % inkl. ges. MwSt.",1984,Gepflegt,,,liegt vor,,Fernwärme,Verbrauchsausweis,,D,Normal,,104 kWh/(m²*a),,,,,,,,,6.000  €,,,,,,
Denkmalgeschütztes Schmuckstück -Wohn- u. Geschäftshaus,Baden-Württemberg,,"Objekt-Nr.: 118-00387 |
        
        Scout-ID: 128506871","78661 Dietingen, Rottweil (Kreis)",2021-09-02 11:23:02.671896,Wohn-/ Geschäftshaus,605  m²,377  m²,38  m²,643  m²,740  m²,3,670.000 €,,,"3,57 % inkl. ges. MwSt.",1797,Gepflegt,2020,Zentralheizung,laut Gesetz nicht erforderlich,7,,,,,Normal,,,,,,,,,228  m²,,,,,Ja,,,
+++ Kapitalanlage par excellence - Neu saniertes MFH mit 8 Einheiten +++,Baden-Württemberg,,"Objekt-Nr.: MS/SL-MFH-A-GP-S32 |
        
        Scout-ID: 128376285","73033 Göppingen, Göppingen (Kreis)",2021-09-02 11:23:38.047390,Mehrfamilienhaus,1.285  m²,706  m²,,1.285  m²,758  m²,4.00,2.385.000 €,,,"4,76 inkl. MwSt.",1948,Gepflegt,2021,Etagenheizung,liegt vor,2,,Verbrauchsausweis,,D,Gehoben,,"124,2 kWh/(m²*a)",,,,,,,,,,,,,,,
!! Sinnvolle und profitable Investition in ausgezeichneter Wohnlage !! 6-Familienhaus,Baden-Württemberg,,"Objekt-Nr.: 5618 |
        
        Scout-ID: 127384759","71034 Böblingen-Dagersheim, Böblingen",2021-09-02 11:24:11.541669,Mehrfamilienhaus,388  m²,388  m²,,,532  m²,,1.749.000 €,,,"4,76% des Kaufpreises inkl. MwSt.",1973,,,Zentralheizung,liegt vor,6,Öl,Verbrauchsausweis,,D,,,103 kWh/(m²*a),4 Min.,9 Min.,5 Min.,19 Min.,,,,,54.804  €,,,,,,
Solide Kapitalanlage: Pflege-Appartement mit einer attraktiven Rendite,Baden-Württemberg,,"Objekt-Nr.: Kaiserstraße_TE37 |
        
        Scout-ID: 128688962","74889 Sinsheim-Weiler, Sinsheim",2021-09-02 11:24:38.869638,Wohnanlage,"38,63  m²","38,63  m²","60,05  m²",,,3,367.637 €,,"12.237,30  €",Nein,2022,Erstbezug,,Zentralheizung,liegt zur Besichtigung vor,,Flüssiggas,,,,Normal,,,1 Min.,13 Min.,10 Min.,,,,,,"12.237,30  €",,,,,,
NEUBarrierefreie Wohnung mit Garten für Jung und Alt,Baden-Württemberg,,"Objekt-Nr.: 121-00226 |
        
        Scout-ID: 129423308","68794 Oberhausen-Rheinhausen, Karlsruhe (Kreis)",2021-09-02 11:25:13.695590,Eigentumswohnung,"79,07  m²","79,07  m²",,"79,07  m²",,,339.000 €,,,"3,57 % inkl. ges. MwSt.",2019,Neuwertig,,Fußbodenheizung,liegt vor,1,Gas,Bedarfsausweis,"21,5 kWh/(m²*a)",A+,,"4.287,34  €",,,,,,,,,,,,,,,,
NEUWohnen und Leben auf dem Lande,Baden-Württemberg,,"Objekt-Nr.: 0-40016742 |
        
        Scout-ID: 129398745","88299 Leutkirch im Allgäu, Ravensburg (Kreis)",2021-09-02 11:25:49.066050,Mehrfamilienhaus,"275,58  m²","275,58  m²",,,412  m²,,449.000 €,,0  €,"4,76 % inkl. MwSt",1798,Vollständig renoviert,1980,Zentralheizung,liegt vor,1,Öl,Bedarfsausweis,"148,7 kWh/(m²*a)",,Normal,0  €,,,,,,,,,,0  €,0  €,0  €,,,,
"NEUZentral, komplett vermietet, günstig!",Baden-Württemberg,,"Objekt-Nr.: 0-1223 |
        
        Scout-ID: 128720307","72501 Gammertingen, Sigmaringen (Kreis)",2021-09-02 11:26:22.463166,Mehrfamilienhaus,188  m²,188  m²,,,296  m²,,134.900 €,,0  €,"4,165 % inkl. MwSt",1900,,,Zentralheizung,liegt vor,3,Öl,Bedarfsausweis,"285,1 kWh/(m²*a)",,Einfach,"717,55  €",,,,,,,,,,0  €,0  €,0  €,,,,
+++Jetzt Miete einnehmen und später einziehen-Freiburg-WIEHRE-JGepflegte 4-Zimmer-Wohnung +++,Baden-Württemberg,,"Objekt-Nr.: 102 |
        
        Scout-ID: 124162028","79100 Freiburg im Breisgau, Unterwiehre-Süd",2021-09-02 11:26:51.844758,Eigentumswohnung,100  m²,100  m²,,100  m²,,7.00,490.000 €,"30,2",16.200  €,"Das Käuferhonorar beträgt 4,76% inkl. MwSt. aus dem protokollierten Kaufpreis",1980,Gepflegt,,Zentralheizung,liegt vor,1,Gas,Verbrauchsausweis,,D,Normal,4.700  €,125 kWh/(m²*a),2 Min.,5 Min.,10 Min.,35 Min.,,,,,,300  €,180  €,,,,
Attraktive Neubauwohnungen in Oberndorf-Bochingen,Baden-Württemberg,,"Objekt-Nr.: 0-531 |
        
        Scout-ID: 128820597","78727 Oberndorf am Neckar-Bochingen, Oberndorf am Neckar",2021-09-02 11:27:24.925016,Eigentumswohnung,"63,92  m²","63,92  m²",,,,,217.328 €,,0  €,Nein,2022,,,,,,,,,,,3.400  €,,,,,,,,,,0  €,0  €,0  €,,,,
Flexibel gestaltbare Büro-/Praxisräume in Zentrumslage!,Baden-Württemberg,,"Objekt-Nr.: 164-00165 |
        
        Scout-ID: 128788161","72654 Neckartenzlingen, Esslingen (Kreis)",2021-09-02 11:27:52.248862,Gewerbeeinheit,162  m²,,,162  m²,,,259.000 €,,,"2,975 % inkl. ges. MwSt.",1990,,2019,,liegt vor,,Gas,Verbrauchsausweis,,D,,,122 kWh/(m²*a),,,,,,,162  m²,,,,,,,,
Kapitalanlage mit mindestens 6% Rendite!,Baden-Württemberg,,"Objekt-Nr.: 136-00209 |
        
        Scout-ID: 128703061","68159 Mannheim, Innenstadt/Jungbusch",2021-09-02 11:28:22.667864,Mehrfamilienhaus,528  m²,528  m²,,528  m²,283  m²,4,2.460.000 €,,,"3,57 % inkl. ges. MwSt.",1957,,2021,Zentralheizung,liegt vor,,Fernwärme,Bedarfsausweis,"129,1 kWh/(m²*a)",D,,,,,,,,,,,,,,,,,,
Günstig Wohnraum bilden aus ehemaligen Gewerberäumen!,Baden-Württemberg,,"Objekt-Nr.: 164-00159 |
        
        Scout-ID: 127690530","72654 Neckartenzlingen, Esslingen (Kreis)",2021-09-02 11:28:56.981483,Eigentumswohnung,162  m²,162  m²,,162  m²,,,259.000 €,,,"2,975 % inkl. ges. MwSt.",1990,,2019,Zentralheizung,liegt vor,,Gas,Verbrauchsausweis,,D,,,122 kWh/(m²*a),,,,,,,,,,,,,,,
Großzügige 4 Zimmerwohnung mit herrlichen Ausblick als Kapitalanlage zu verkaufen.,Baden-Württemberg,,Scout-ID: 123011722,"68167 Mannheim, Neckarstadt-Ost/Wohlgelegen",2021-09-02 11:29:32.324352,Eigentumswohnung,98  m²,98  m²,,,,11,349.000 €,,,Nein,1973,Gepflegt,,Fernwärme,liegt vor,,Fernwärme,Verbrauchsausweis,,,Normal,,"104,4 kWh/(m²*a)",,,,,,,,,"703,44  €",,,,,,
Anlageobjekt Baugrundstück Gewerbe,Baden-Württemberg,,"Objekt-Nr.: KL-MA0035 |
        
        Scout-ID: 115478225","68305 Mannheim, Waldhof",2021-09-02 11:30:10.395692,Gewerbeeinheit,2.670  m²,0  m²,,1  m²,2.760  m²,,2.700.000 €,0,0  €,"4,76 % Käuferprovision inkl. 19 % MwSt",unbekannt,,,,,,,,,,Normal,4  €,,,,,,,,2.760  m²,,0  €,,0  €,,,,
"Attraktive Kapitalanlage mit einer Rendite von bis zu 3,5%",Baden-Württemberg,,"Objekt-Nr.: Kaiserstraße_TE49 |
        
        Scout-ID: 128507591","74889 Sinsheim-Weiler, Sinsheim",2021-09-02 11:30:46.378684,Wohnanlage,"21,67  m²","21,67  m²","33,68  m²",,,3,214.134 €,,"6.867,67  €",Nein,unbekannt,Erstbezug,,Zentralheizung,liegt zur Besichtigung vor,,Flüssiggas,,,,Normal,,,1 Min.,13 Min.,10 Min.,,,,,,"6.867,67  €",,,,,,
Solide Kapitalanlage zur Altersvorsorge mit einer attraktiven Rendite,Baden-Württemberg,,"Objekt-Nr.: Kaiserstraße_TE16 |
        
        Scout-ID: 127090142","74889 Sinsheim-Weiler, Sinsheim",2021-09-02 11:31:26.707440,Wohnanlage,"21,4  m²","21,4  m²","33,26  m²",,,3,211.690 €,,"6.779,14  €",Nein,2022,Erstbezug,,Zentralheizung,liegt zur Besichtigung vor,,Flüssiggas,,,,Normal,,,1 Min.,13 Min.,10 Min.,,,,,,"6.779,14  €",,,,,,
Sehr zuverlässiges Anlageobjekt in begehrter Gewerbelage,Baden-Württemberg,,Scout-ID: 128754067,"76139 Karlsruhe, Hagsfeld",2021-09-02 11:35:27.794833,Gewerbeeinheit,547  m²,,,547  m²,,EG,980.000 €,"18,5",,Nein,2002,Neuwertig,2018,Zentralheizung,liegt vor,3,Erdgas leicht,Verbrauchsausweis,,,Gehoben,,,,,,,,,547  m²,,"67.312,92  €",,,,52 kWh/(m²*a),2 kWh/(m²*a),52 kWh/(m²*a)
"Praxis-/Bürofläche, Stadtmitte Sinsheim",Baden-Württemberg,,Scout-ID: 128992211,"74889 Sinsheim-Stadtmitte, Sinsheim",2021-09-02 11:36:06.165974,Wohn-/ Geschäftshaus,107  m²,,,,,,428.000 €,,,Nein,2019,Neuwertig,,Wärmepumpe,,,,,,,Gehoben,,,2 Min.,1 Min.,5 Min.,70 Min.,,,107  m²,,,,,,,,
NEUHeilbronn-Ost - 3-Familienhaus in Pfühlpark-Nähe,Baden-Württemberg,,"Objekt-Nr.: 0-3415 |
        
        Scout-ID: 129453531","74074 Heilbronn, Baden-Württemberg",2021-09-02 11:36:33.518944,Mehrfamilienhaus,320  m²,320  m²,,,1.060  m²,,1.850.000 €,,0  €,"4,76 % inkl. MwSt",1963,,2012,Zentralheizung,liegt vor,4,Öl,Bedarfsausweis,"84,3 kWh/(m²*a)",,,"6.093,75  €",,,,,,,,,,0  €,0  €,0  €,,,,
Sehr gut vermietete 3-Zimmer Wohnung in Stuttgart-Ost,Baden-Württemberg,,"Objekt-Nr.: 9525 |
        
        Scout-ID: 129129733","70184 Stuttgart, Gablenberg",2021-09-02 11:36:58.150116,Eigentumswohnung,70  m²,70  m²,,,,3,325.000 €,,,"4,17% des Kaufpreises inkl. MwSt.",1909,,,,liegt vor,,Erdgas leicht,Verbrauchsausweis,,,,,,,,,,,,,,,,,,"144,4 kWh/(m²*a)",,
Sachwerte für Ihre Zukunftssicherung - attraktive Kapitalanlage mit guter Rendite,Baden-Württemberg,,"Objekt-Nr.: BG 0202021 |
        
        Scout-ID: 128550738","74369 Löchgau, Ludwigsburg (Kreis)",2021-09-02 11:37:23.309418,Mehrfamilienhaus,324  m²,324  m²,,,495  m²,4,899.000 €,32,28.000  €,"3,57% incl. ges. MwSt. auf den Kaufpreis",1970,Gepflegt,2008,Fußbodenheizung,liegt vor,4,Strom,Bedarfsausweis,"125,88 kWh/(m²*a)",,Normal,,,5 Min.,15 Min.,15 Min.,50 Min.,,,,,28.000  €,,,,,,
Modernisiertes Wohn- und Geschäftshaus in zentrumsnaher Lage ***Keine Käuferprovision,Baden-Württemberg,,"Objekt-Nr.: 7329 |
        
        Scout-ID: 128035085","72764 Reutlingen, Reutlingen (Kreis)",2021-09-02 11:37:49.889906,Wohn-/ Geschäftshaus,1.035  m²,809  m²,,1.035  m²,607  m²,,3.999.000 €,,,Nein,1956,Modernisiert,2020,,liegt vor,12,Fernwärme,Bedarfsausweis,"86,2 kWh/(m²*a)",C,,,,,,,,,,226  m²,,,,,,,,
Pflege-Immobilie: Solide Kapitalanlage zur Altersvorsorge mit einer attraktiven Rendite,Baden-Württemberg,,"Objekt-Nr.: Kaiserstraße_TE22 |
        
        Scout-ID: 128689040","74889 Sinsheim-Weiler, Sinsheim",2021-09-02 11:38:14.863873,Wohnanlage,"21,67  m²","21,67  m²","33,68  m²",,,3,214.134 €,,"6.864,67  €",Nein,2022,Erstbezug,,Zentralheizung,liegt zur Besichtigung vor,,Flüssiggas,,,,Normal,,,1 Min.,13 Min.,10 Min.,,,,,,"6.864,67  €",,,,,,
Eine Immobilie als Renditeobjekt oder zur Selbstnutzung,Baden-Württemberg,,"Objekt-Nr.: GO20087 - 2 |
        
        Scout-ID: 126807481","75305 Neuenbürg, Enzkreis",2021-09-02 11:38:41.883561,Gewerbeanwesen,1.024  m²,,,,1.048  m²,,1.290.000 €,,,"Zuzüglich 4,76 % Käuferprovision incl. 19 % MwSt.",1954,,,,,,,,,,,,,,,,,,,,,,,,,,,
Filettstück in der Altstadt von Niedernhall,Baden-Württemberg,,"Objekt-Nr.: 2-1575 |
        
        Scout-ID: 128554435","74676 Niedernhall, Hohenlohekreis",2021-09-02 11:39:07.371549,Wohn-/ Geschäftshaus,331  m²,331  m²,,,445  m²,,549.000 €,,0  €,"3,57 % inkl. MwSt",1900,Renovierungsbedürftig,1980,Zentralheizung,liegt vor,4,Öl,Bedarfsausweis,"159,9 kWh/(m²*a)",,Normal,0  €,,,,,,,,,,0  €,0  €,0  €,,,,
"NEUEin-, Zwei- oder Dreifamilienhaus?",Baden-Württemberg,,"Objekt-Nr.: 11900 |
        
        Scout-ID: 129281382","74232 Abstatt, Heilbronn (Kreis)",2021-09-02 11:39:34.351085,Mehrfamilienhaus,211  m²,211  m²,61  m²,272  m²,454  m²,,620.000 €,,,"4,76 % inkl. ges. MwSt.",1974,,2015,Zentralheizung,liegt vor,2,Öl,Bedarfsausweis,"176,9 kWh/(m²*a)",F,Normal,,,,,,,,,,,,,,,,,
"NEU***Projektvorstellung am So., 05.09. von 13-14 Uhr!***",Baden-Württemberg,,"Objekt-Nr.: 07732-E10-Eh1 |
        
        Scout-ID: 129535802","71229 Leonberg, Böblingen (Kreis)",2021-09-02 11:39:59.605888,Eigentumswohnung,"45,95  m²",,,,,,305.000 €,,,ohne zusätzliche Käuferprovision,2022,,,,,,,,,,,,,,,,,,,,,,,,,,,
NEUIdeal für Kapitalanleger! Schöne 2-Zimmer-Wohnung auf Erbpacht in ruhiger Lage von Kirchheim,Baden-Württemberg,,"Objekt-Nr.: 11608 |
        
        Scout-ID: 129423624","69124 Heidelberg, Kirchheim",2021-09-02 11:40:26.535269,Eigentumswohnung,52  m²,52  m²,20  m²,72  m²,,3,229.000 €,,,"4,76 % inkl. ges. MwSt.",1997,Gepflegt,,Zentralheizung,liegt vor,1,Gas,Verbrauchsausweis,,C,Normal,,95 kWh/(m²*a),,,,,,,,,6.960  €,,,,,,
"NEU2,5 - Zi.-Wohnung mit großem Balkon, Carport inklusive",Baden-Württemberg,,Scout-ID: 129250467,"75399 Unterreichenbach, Calw (Kreis)",2021-09-02 11:41:01.321490,Eigentumswohnung,64  m²,64  m²,6  m²,,,2,192.800 €,,6.150  €,"3,57 % inkl. Mwst.",1980,Gepflegt,,Zentralheizung,liegt vor,1,Öl,Verbrauchsausweis,,D,Normal,,117 kWh/(m²*a),10 Min.,2 Min.,20 Min.,50 Min.,,,,,,,,,,,
NEUTraumhafte Lage inmitten der Natur!,Baden-Württemberg,,"Objekt-Nr.: IC77686 |
        
        Scout-ID: 129190672","72461 Albstadt, Zollernalbkreis",2021-09-02 11:41:34.540179,Einfamilienhaus,112  m²,112  m²,,112  m²,1.224  m²,,399.000 €,,,"3,57 % inkl. ges. MwSt.",1959,Gepflegt,,Zentralheizung,liegt vor,2,Öl,Bedarfsausweis,"331,5 kWh/(m²*a)",H,,,,,,,,,,,,,,,,,,
Wohnung in Reutlingen,Baden-Württemberg,,"Objekt-Nr.: 219134 |
        
        Scout-ID: 128992556","72762 Reutlingen, Reutlingen (Kreis)",2021-09-02 11:42:01.051404,Eigentumswohnung,82  m²,82  m²,,82  m²,,,299.000 €,,,"3,57 % inkl. ges. MwSt.",1938,Neuwertig,2016,Etagenheizung,liegt vor,,"Gas, Öl",Verbrauchsausweis,,D,,,115 kWh/(m²*a),,,,,,,,,,,,,,,
Attraktive Neubauwohnungen in Oberndorf-Bochingen,Baden-Württemberg,,"Objekt-Nr.: 0-530 |
        
        Scout-ID: 128820542","78727 Oberndorf am Neckar-Bochingen, Oberndorf am Neckar",2021-09-02 11:42:34.143273,Eigentumswohnung,"47,06  m²","47,06  m²",,,,,178.828 €,,0  €,Nein,2022,,,,,,,,,,,3.800  €,,,,,,,,,,0  €,0  €,0  €,,,,
***IDEALE KAPITALANLAGE IM ZENTRUM VON BAD LIEBENZELL***,Baden-Württemberg,,"Objekt-Nr.: 946 |
        
        Scout-ID: 128585831","75382 Bad Liebenzell, Calw (Kreis)",2021-09-02 11:43:04.822470,Mehrfamilienhaus,570  m²,340  m²,,570  m²,543  m²,3,980.000 €,,,"4,76 %",1899,Modernisiert,2020,Zentralheizung,liegt vor,9,Gas,Bedarfsausweis,"119,4 kWh/(m²*a)",D,Gehoben,,,,,,,,,230  m²,,,,,,,,
Büro-/Ladeneinheit mit großen Fensterflächen in beliebter Lage im Zentrum von Brühl,Baden-Württemberg,,"Objekt-Nr.: 21214CNO |
        
        Scout-ID: 128718352","68782 Brühl, Rhein-Neckar-Kreis",2021-09-02 11:43:31.345684,Laden/Verkaufsfläche,77  m²,,,77  m²,,,165.000 €,,,"4,76",1980,Gepflegt,,,liegt zur Besichtigung vor,,Fernwärme,,,,,,,,,,,,,77  m²,,,,,,,,
Wohn- und Geschäftshaus in bester City-Lage von Mannheim,Baden-Württemberg,,"Objekt-Nr.: 0321 |
        
        Scout-ID: 128525604","68161 Mannheim, Innenstadt/Jungbusch",2021-09-02 11:44:21.124471,Wohn-/ Geschäftshaus,1.543  m²,,,1.543  m²,383  m²,6,10.500.000 €,"35,6",,"3,57% incl. 19% USt.",1965,Gepflegt,,,liegt zur Besichtigung vor,,,,,,,6.805  €,,1 Min.,3 Min.,5 Min.,,,,1.543  m²,,294.822  €,,,,,,
Solide Anlage: Zwei-geschossige Maisonette-Wohnung in Mannheim-Friedrichsfeld,Baden-Württemberg,,"Objekt-Nr.: 128431874 |
        
        Scout-ID: 128431873","68229 Mannheim, Friedrichsfeld",2021-09-02 11:45:01.012967,Eigentumswohnung,76  m²,76  m²,50  m²,,,3,370.000 €,"31,4",,"3,57% incl. 19% USt.",,Gepflegt,,Zentralheizung,liegt zur Besichtigung vor,1,Gas,,,,,,,2 Min.,,5 Min.,,,,,,11.760  €,,,,,,
Kapitalanlage in schöner Randlage...,Baden-Württemberg,,"Objekt-Nr.: 31632 |
        
        Scout-ID: 128225900","74523 Schwäbisch Hall, Schwäbisch Hall (Kreis)",2021-09-02 11:45:29.489621,Eigentumswohnung,"89,99  m²","89,99  m²",,"89,99  m²",,,258.000 €,,,"3,57 % inkl. ges. MwSt.",1992,,,Zentralheizung,liegt vor,1,Fernwärme,Verbrauchsausweis,,D,,,"105,6 kWh/(m²*a)",,,,,,,,,,,,,,,
Kapitalanlage in zentraler Lage von Waldshut,Baden-Württemberg,,"Objekt-Nr.: 03926 |
        
        Scout-ID: 128167356","79761 Waldshut-Tiengen, Waldshut (Kreis)",2021-09-02 11:46:11.422553,Mehrfamilienhaus,602  m²,602  m²,,602  m²,1.239  m²,4,1.150.000 €,,,"3,57 % inkl. ges. MwSt.",1974,Saniert,2010,Zentralheizung,liegt vor,1,Öl,Bedarfsausweis,"115,5 kWh/(m²*a)",D,Normal,,,,,,,,,,,43.757  €,,,,,,
Ideale Kapitalanlage mit bester Infrastruktur!,Baden-Württemberg,,"Objekt-Nr.: 08117-E1 |
        
        Scout-ID: 126723530","71126 Gäufelden, Böblingen (Kreis)",2021-09-02 11:46:47.196724,Eigentumswohnung,67  m²,,,,,,199.000 €,,,"4,16 % Provision inkl. 19 % MwSt.",1982,,,,,1,,Verbrauchsausweis,,C,,,"93,8 kWh/(m²*a)",,,,,,,,,,,,,,,
"Neubau eines hochmodernen, ruhig gelgenen MFH in Reutlingen",Baden-Württemberg,,"Objekt-Nr.: 3258-MFH |
        
        Scout-ID: 112218732","72770 Reutlingen, Gönningen",2021-09-02 11:47:22.794807,Mehrfamilienhaus,335  m²,,,,,,1.392.000 €,,,Nein,,,,,,,,,,,,,,,,,,,,,,,,,,,,
RESERVIERT: Mehrfamilienhaus mit mehreren Optionen und attraktiver Rendite,Baden-Württemberg,,"Objekt-Nr.: CK-2455 |
        
        Scout-ID: 126518843","69151 Neckargemünd, Rhein-Neckar-Kreis",2021-09-02 11:47:56.135911,Mehrfamilienhaus,0  m²,0  m²,0  m²,0  m²,1.449  m²,,1.480.000 €,,0  €,4.76% des Kaufpreises inkl. MWST,1972,,,Gas-Heizung,,,,,,,,0  €,,0 Min.,0 Min.,0 Min.,0 Min.,,,0  m²,0  €,0  €,0  €,0  €,,,,
Mehrfamilienhaus in zentraler Lage,Baden-Württemberg,,"Objekt-Nr.: 31593 |
        
        Scout-ID: 126384834","74585 Rot am See, Schwäbisch Hall (Kreis)",2021-09-02 11:48:32.876197,Mehrfamilienhaus,"383,51  m²","383,51  m²",,"383,51  m²",1.452  m²,,699.000 €,,,"4,76 % inkl. ges. MwSt.",1974,Modernisiert,2018,Zentralheizung,liegt vor,8,Öl,Bedarfsausweis,"125,5 kWh/(m²*a)",D,,,,,,,,,,,,37.320  €,,,,,,
"RARITÄT: denkmalgeschützte, sanierte „Alte Mühle“ mit 4 Abstellplätzen – rentabel vermietet !!!",,,,,2021-09-02 11:49:05.954435,,,,,,,,,,,,,,,,,,,,,,,,,,,,,,,,,,,,,,,
Attraktive Ladeneinheit mit großer Schaufensterfläche in zentraler Lage von Brühl,Baden-Württemberg,,"Objekt-Nr.: 20177CNO |
        
        Scout-ID: 115827921","68782 Brühl, Rhein-Neckar-Kreis",2021-09-02 11:50:00.933377,Wohn-/ Geschäftshaus,77  m²,,,77  m²,,,165.000 €,,,"4,76",1980,Gepflegt,,,liegt zur Besichtigung vor,,Fernwärme,,,,,,,,,,,,,77  m²,,,,,,,,
Schwäbisch Gmünd / Centrum / Bestlage / Geschäftshaus,Baden-Württemberg,,Scout-ID: 128272157,"73525 Schwäbisch Gmünd, Ostalbkreis",2021-09-02 11:50:37.202377,Geschäftshaus,2.071  m²,,,2.071  m²,1.237  m²,UG/TG + EG + 3,4.300.000 €,,,"3,57%",1971,Gepflegt,1996,Zentralheizung,liegt vor,24,Gas,Bedarfsausweis,"612,5 kWh/(m²*a)",,Gehoben,,,2 Min.,2 Min.,5 Min.,40 Min.,,,2.071  m²,,230.461  €,,,,,,
Investieren Sie in ein modernes Pflege-Appartement zur Altersvorsorge,Baden-Württemberg,,"Objekt-Nr.: Kaiserstraße_TE39 |
        
        Scout-ID: 128507476","74889 Sinsheim-Weiler, Sinsheim",2021-09-02 11:51:05.377638,Wohnanlage,"23,73  m²","37,25  m²",,,,3,232.778 €,,"7.517,25  €",Nein,2022,Erstbezug,,Zentralheizung,liegt zur Besichtigung vor,,Flüssiggas,,,,Normal,,,1 Min.,13 Min.,10 Min.,,,,,,"7.517,25  €",,,,,,
"NEUSichere, inflationsgeschützte Anlage! Bis zu EUR 15.200 Mieteinnahmen p.a.",Baden-Württemberg,,"Objekt-Nr.: 07662-H2-Eh1 |
        
        Scout-ID: 129536037","70794 Filderstadt, Esslingen (Kreis)",2021-09-02 11:51:38.966008,Eigentumswohnung,91  m²,,,,,,569.000 €,,,Nein,2023,,,,,,,,,,,,,,,,,,,,,,,,,,,
NEU*Mit Chic & Charme* 2 Zimmer-Eigentums-Wohnung mit Kfz-Stellplatz,Baden-Württemberg,,"Objekt-Nr.: 673132 |
        
        Scout-ID: 129502013","97877 Wertheim, Main-Tauber-Kreis",2021-09-02 11:52:14.158080,Eigentumswohnung,94  m²,53  m²,,10  m²,,3,139.900 €,,,"2,97 % inkl. ges. MwSt.",1963,Modernisiert,,Zentralheizung,liegt vor,,Öl,Bedarfsausweis,"155,9 kWh/(m²*a)",,Gehoben,,,,,,,,,,,,,,,,,
VERKAUFT: Repräsentatives Wohn- und Geschäftshaus in der Radolfzeller Innenstadt,Baden-Württemberg,,"Objekt-Nr.: 20620 |
        
        Scout-ID: 120080585","78315 Radolfzell am Bodensee, Konstanz (Kreis)",2021-09-02 11:52:52.381746,Wohn-/ Geschäftshaus,"1.299,6  m²","420,35  m²","177,89  m²","1.477,49  m²",680  m²,,1.890.000 €,"16,5",122.000  €,"5,95 %  inkl. MwSt. vom Kaufpreis",,Renovierungsbedürftig,,Zentralheizung,liegt vor,2,Gas,Verbrauchsausweis,,F,,"1.454,29  €",182 kWh/(m²*a),1 Min.,5 Min.,5 Min.,45 Min.,,,"698,88  m²",,114.838  €,,,,,,
Aufgeteiltes Mehrfamilienhaus mit separatem Einfamilienhaus in Stuttgarter Citylage,Baden-Württemberg,,"Objekt-Nr.: 4877 |
        
        Scout-ID: 129023116","70184 Stuttgart, Dobel",2021-09-02 11:53:27.253586,Wohn-/ Geschäftshaus,1.211  m²,1.211  m²,,,620  m²,,4.750.000 €,,,"2,38 % vom Kaufpreis inkl. 19% MwSt.",1956,,,,,2,,Bedarfsausweis,"127,1 kWh/(m²*a)",,,,,,,,,,,,,,,,,,,
Mehrfamilienhaus mit sehr guter Rendite + vermietbare große ausbaufähige Scheune (Boote),Baden-Württemberg,,"Objekt-Nr.: FR 6754 |
        
        Scout-ID: 124229762","88605 Sauldorf, Sigmaringen (Kreis)",2021-09-02 11:54:04.907975,Mehrfamilienhaus,230  m²,230  m²,720  m²,,1.800  m²,3,485.000 €,,,"3,57 % inkl. MwSt",1960,,,Zentralheizung,liegt vor,15,Öl,Verbrauchsausweis,,F,Normal,,"175,1 kWh/(m²*a)",2 Min.,,,,,,,0  €,35.320  €,,6.300  €,,,,
Waldkirch ++ Attraktives Renditeobjekt,Baden-Württemberg,,"Objekt-Nr.: FR4714 |
        
        Scout-ID: 121302420","79183 Waldkirch, Emmendingen (Kreis)",2021-09-02 11:54:41.422299,Wohn-/ Geschäftshaus,1.064  m²,,,1.064  m²,1.346  m²,,1.870.000 €,,,"3,57 % inkl. ges. MwSt.",1988,,,Zentralheizung,,,Gas,Verbrauchsausweis,,,,,,,,,,,,,,,,,,"62,4 kWh/(m²*a)",,
"Attraktive Kapitalanlage - 4,1 % Rendite!",Baden-Württemberg,,"Objekt-Nr.: 13452X |
        
        Scout-ID: 127790480","71634 Ludwigsburg, Ludwigsburg (Kreis)",2021-09-02 11:55:15.116341,Wohn-/ Geschäftshaus,741  m²,529  m²,80  m²,821  m²,504  m²,,2.980.000 €,,,"4,76 % inkl. ges. MwSt.",unbekannt,,,,laut Gesetz nicht erforderlich,,,,,,,,,,,,,,,212  m²,,122.064  €,,,,,,
"NEU***Projektvorstellung am So., 05.09. von 11:30-12:30 Uhr!***",Baden-Württemberg,,"Objekt-Nr.: 07677-H1-Eh17 |
        
        Scout-ID: 129536133","71287 Weissach, Böblingen (Kreis)",2021-09-02 11:55:54.467901,Eigentumswohnung,"64,34  m²",,,,,,385.000 €,,,Nein,2022,,,,,,,,,,,,,,,,,,,,,,,,,,,
NEUSeltene Gelegenheit! Gepflegtes Wohn- und Geschäftshaus mit interessantem Ausbaupotenzial,Baden-Württemberg,,"Objekt-Nr.: P 130863-1 |
        
        Scout-ID: 129350935","68159 Mannheim / Innenstadt/Jungbusch, Mannheim",2021-09-02 11:56:36.537238,Wohn-/ Geschäftshaus,632  m²,,,,443  m²,,1.950.000 €,,,"4,76 %",1954,,,,,7,Fernwärme,,,,,"4.401,81  €",,,,,,,,,,,,,,,,
Attraktive Neubauwohnungen in Oberndorf-Bochingen,Baden-Württemberg,,"Objekt-Nr.: 0-529 |
        
        Scout-ID: 128820538","78727 Oberndorf am Neckar-Bochingen, Oberndorf am Neckar",2021-09-02 11:57:08.734184,Eigentumswohnung,"61,71  m²","61,71  m²",,,,,234.498 €,,0  €,Nein,2022,,,,,,,,,,,3.800  €,,,,,,,,,,0  €,0  €,0  €,,,,
Vollvermietetes Dreifamilienhaus als Kapitalanlage,Baden-Württemberg,,"Objekt-Nr.: C1054 |
        
        Scout-ID: 128791442","76709 Kronau, Karlsruhe (Kreis)",2021-09-02 11:57:45.035359,Mehrfamilienhaus,260  m²,260  m²,,,274  m²,3,649.000 €,,22.800  €,"3,57% inkl. MwSt.",1972,Gepflegt,2021,Zentralheizung,liegt vor,3,Öl,Verbrauchsausweis,,E,Einfach,"2.634,62  €","138,9 kWh/(m²*a)",2 Min.,10 Min.,5 Min.,50 Min.,,,,,14.400  €,,,,,,
